jobSystem,timestamp,pendingJobs,activeWorkers,completedJobs,configuredWorkers
async,2025-10-20T05:56:25.1173709+00:00,0,0,0,2
async,2025-10-20T05:56:25.2070987+00:00,0,0,96,2
async,2025-10-20T05:56:25.2072250+00:00,0,0,96,2
async,2025-10-20T05:56:25.2283340+00:00,0,0,576,2
async,2025-10-20T05:56:25.2283599+00:00,0,0,576,2
async,2025-10-20T05:56:25.2319700+00:00,0,0,672,2
async,2025-10-20T05:56:25.2704721+00:00,0,0,864,2
async,2025-10-20T05:56:25.2927332+00:00,0,0,960,2
async,2025-10-20T05:56:25.2965510+00:00,0,0,1056,2
async,2025-10-20T05:56:25.3337984+00:00,0,0,1248,2
async,2025-10-20T05:56:25.3584074+00:00,0,0,1344,2
async,2025-10-20T05:56:25.3625551+00:00,0,0,1440,2
async,2025-10-20T05:56:25.3938284+00:00,0,0,1536,2
async,2025-10-20T05:56:25.3979391+00:00,0,0,1632,2
async,2025-10-20T05:56:25.4223596+00:00,0,0,1728,2
async,2025-10-20T05:56:25.4278407+00:00,0,0,1824,2
async,2025-10-20T05:56:25.4576401+00:00,0,0,1920,2
async,2025-10-20T05:56:25.4615743+00:00,0,0,2016,2
async,2025-10-20T05:56:25.5071242+00:00,0,0,2208,2
async,2025-10-20T05:56:25.5109712+00:00,0,0,2304,2
async,2025-10-20T05:56:25.5564577+00:00,0,0,2496,2
async,2025-10-20T05:56:25.5606918+00:00,0,0,2592,2
async,2025-10-20T05:56:25.6025985+00:00,0,0,2784,2
async,2025-10-20T05:56:25.6216557+00:00,0,0,2880,2
async,2025-10-20T05:56:25.6352520+00:00,0,0,2976,2
async,2025-10-20T05:56:25.6534655+00:00,0,0,3072,2
async,2025-10-20T05:56:25.6679147+00:00,0,0,3168,2
async,2025-10-20T05:56:25.6858766+00:00,0,0,3264,2
async,2025-10-20T05:56:25.7000190+00:00,0,0,3360,2
async,2025-10-20T05:56:25.7175398+00:00,0,0,3456,2
async,2025-10-20T05:56:25.7523260+00:00,0,0,3648,2
async,2025-10-20T05:56:25.7797015+00:00,0,0,3744,2
async,2025-10-20T05:56:25.7830784+00:00,0,0,3840,2
async,2025-10-20T05:56:25.8149375+00:00,0,0,4032,2
async,2025-10-20T05:56:25.8484894+00:00,0,0,4224,2
async,2025-10-20T05:56:25.8754145+00:00,0,0,4320,2
async,2025-10-20T05:56:25.8791785+00:00,0,0,4416,2
async,2025-10-20T05:56:25.9097521+00:00,0,0,4512,2
async,2025-10-20T05:56:25.9132079+00:00,0,0,4608,2
async,2025-10-20T05:56:25.9880499+00:00,0,0,4704,2
async,2025-10-20T05:56:25.9880766+00:00,0,0,4704,2
async,2025-10-20T05:56:26.0220177+00:00,0,0,4992,2
async,2025-10-20T05:56:26.0220405+00:00,0,0,4992,2
async,2025-10-20T05:56:26.0329114+00:00,0,0,5184,2
async,2025-10-20T05:56:26.0363559+00:00,0,0,5280,2
async,2025-10-20T05:56:26.0575945+00:00,0,0,5376,2
async,2025-10-20T05:56:26.0611724+00:00,0,0,5472,2
async,2025-10-20T05:56:26.1018056+00:00,0,0,5664,2
async,2025-10-20T05:56:26.1174614+00:00,0,0,5760,2
async,2025-10-20T05:56:26.1368466+00:00,0,0,5856,2
async,2025-10-20T05:56:26.1496996+00:00,0,0,5952,2
async,2025-10-20T05:56:26.1696856+00:00,0,0,6048,2
async,2025-10-20T05:56:26.1995240+00:00,0,0,6240,2
async,2025-10-20T05:56:26.2337199+00:00,0,0,6432,2
async,2025-10-20T05:56:26.2657929+00:00,0,0,6624,2
async,2025-10-20T05:56:26.2938892+00:00,0,0,6720,2
async,2025-10-20T05:56:26.2974556+00:00,0,0,6816,2
async,2025-10-20T05:56:26.3268932+00:00,0,0,6912,2
async,2025-10-20T05:56:26.3313586+00:00,0,0,7008,2
async,2025-10-20T05:56:26.3575878+00:00,0,0,7104,2
async,2025-10-20T05:56:26.3617710+00:00,0,0,7200,2
async,2025-10-20T05:56:26.3927506+00:00,0,0,7296,2
async,2025-10-20T05:56:26.4003960+00:00,0,0,7392,2
async,2025-10-20T05:56:26.4189223+00:00,0,0,7488,2
async,2025-10-20T05:56:26.4318929+00:00,0,0,7584,2
async,2025-10-20T05:56:26.4698649+00:00,0,0,7776,2
async,2025-10-20T05:56:26.4929939+00:00,0,0,7872,2
async,2025-10-20T05:56:26.4967477+00:00,0,0,7968,2
async,2025-10-20T05:56:26.5352988+00:00,0,0,8160,2
async,2025-10-20T05:56:26.5575662+00:00,0,0,8256,2
async,2025-10-20T05:56:26.5619477+00:00,0,0,8352,2
async,2025-10-20T05:56:26.5997214+00:00,0,0,8544,2
async,2025-10-20T05:56:26.6222967+00:00,0,0,8640,2
async,2025-10-20T05:56:26.6276268+00:00,0,0,8736,2
async,2025-10-20T05:56:26.6588666+00:00,0,0,8832,2
async,2025-10-20T05:56:26.6623591+00:00,0,0,8928,2
async,2025-10-20T05:56:26.6881677+00:00,0,0,9024,2
async,2025-10-20T05:56:26.7099395+00:00,0,0,9120,2
async,2025-10-20T05:56:26.7142441+00:00,0,0,9216,2
async,2025-10-20T05:56:26.7516841+00:00,0,0,9408,2
async,2025-10-20T05:56:26.7756709+00:00,0,0,9504,2
async,2025-10-20T05:56:26.7794818+00:00,0,0,9600,2
async,2025-10-20T05:56:26.8159918+00:00,0,0,9792,2
async,2025-10-20T05:56:26.8397861+00:00,0,0,9888,2
async,2025-10-20T05:56:26.8442399+00:00,0,0,9984,2
async,2025-10-20T05:56:26.8768071+00:00,0,0,10080,2
async,2025-10-20T05:56:26.8803143+00:00,0,0,10176,2
async,2025-10-20T05:56:26.9046511+00:00,0,0,10272,2
async,2025-10-20T05:56:26.9130307+00:00,0,0,10368,2
async,2025-10-20T05:56:26.9548593+00:00,0,0,10560,2
async,2025-10-20T05:56:26.9750855+00:00,0,0,10656,2
async,2025-10-20T05:56:26.9785324+00:00,0,0,10752,2
async,2025-10-20T05:56:27.0199819+00:00,0,0,10944,2
async,2025-10-20T05:56:27.0394118+00:00,0,0,11040,2
async,2025-10-20T05:56:27.0461661+00:00,0,0,11136,2
async,2025-10-20T05:56:27.0816516+00:00,0,0,11328,2
async,2025-10-20T05:56:27.1070495+00:00,0,0,11424,2
async,2025-10-20T05:56:27.1107496+00:00,0,0,11520,2
async,2025-10-20T05:56:27.1432786+00:00,0,0,11616,2
async,2025-10-20T05:56:27.1469309+00:00,0,0,11712,2
async,2025-10-20T05:56:27.1715373+00:00,0,0,11808,2
async,2025-10-20T05:56:27.1796104+00:00,0,0,11904,2
async,2025-10-20T05:56:27.2038178+00:00,0,0,12000,2
async,2025-10-20T05:56:27.2272648+00:00,0,0,12096,2
async,2025-10-20T05:56:27.2306768+00:00,0,0,12192,2
async,2025-10-20T05:56:27.2685541+00:00,0,0,12384,2
async,2025-10-20T05:56:27.2909536+00:00,0,0,12480,2
async,2025-10-20T05:56:27.2939587+00:00,0,0,12576,2
async,2025-10-20T05:56:27.3318668+00:00,0,0,12768,2
async,2025-10-20T05:56:27.3561799+00:00,0,0,12864,2
async,2025-10-20T05:56:27.3603710+00:00,0,0,12960,2
async,2025-10-20T05:56:27.3933047+00:00,0,0,13056,2
async,2025-10-20T05:56:27.3967165+00:00,0,0,13152,2
async,2025-10-20T05:56:27.4212810+00:00,0,0,13248,2
async,2025-10-20T05:56:27.4290171+00:00,0,0,13344,2
async,2025-10-20T05:56:27.4721416+00:00,0,0,13536,2
async,2025-10-20T05:56:27.4772297+00:00,0,0,13632,2
async,2025-10-20T05:56:27.5206933+00:00,0,0,13824,2
async,2025-10-20T05:56:27.5376905+00:00,0,0,13920,2
async,2025-10-20T05:56:27.5525669+00:00,0,0,14016,2
async,2025-10-20T05:56:27.5703426+00:00,0,0,14112,2
async,2025-10-20T05:56:27.5847399+00:00,0,0,14208,2
async,2025-10-20T05:56:27.6193633+00:00,0,0,14304,2
async,2025-10-20T05:56:27.6193851+00:00,0,0,14304,2
async,2025-10-20T05:56:27.6292158+00:00,0,0,14400,2
async,2025-10-20T05:56:27.6333165+00:00,0,0,14496,2
async,2025-10-20T05:56:27.6526823+00:00,0,0,14592,2
async,2025-10-20T05:56:27.6677103+00:00,0,0,14688,2
async,2025-10-20T05:56:27.7232702+00:00,0,0,14880,2
async,2025-10-20T05:56:27.7233094+00:00,0,0,14880,2
async,2025-10-20T05:56:27.7293263+00:00,0,0,14976,2
async,2025-10-20T05:56:27.7360531+00:00,0,0,15072,2
async,2025-10-20T05:56:27.7948938+00:00,0,0,15264,2
async,2025-10-20T05:56:27.7949198+00:00,0,0,15264,2
async,2025-10-20T05:56:27.8555734+00:00,0,0,15456,2
async,2025-10-20T05:56:27.8556002+00:00,0,0,15456,2
async,2025-10-20T05:56:27.8825940+00:00,0,0,15744,2
async,2025-10-20T05:56:27.8826233+00:00,0,0,15744,2
async,2025-10-20T05:56:27.9019986+00:00,0,0,15936,2
async,2025-10-20T05:56:27.9020241+00:00,0,0,15936,2
async,2025-10-20T05:56:27.9133189+00:00,0,0,16032,2
async,2025-10-20T05:56:27.9225557+00:00,0,0,16128,2
async,2025-10-20T05:56:27.9379839+00:00,0,0,16224,2
async,2025-10-20T05:56:27.9632825+00:00,0,0,16320,2
async,2025-10-20T05:56:27.9746287+00:00,0,0,16416,2
async,2025-10-20T05:56:27.9795332+00:00,0,0,16512,2
async,2025-10-20T05:56:28.0193609+00:00,0,0,16704,2
async,2025-10-20T05:56:28.0399283+00:00,0,0,16800,2
async,2025-10-20T05:56:28.0451809+00:00,0,0,16896,2
async,2025-10-20T05:56:28.0864018+00:00,0,0,17088,2
async,2025-10-20T05:56:28.0955189+00:00,0,0,17184,2
async,2025-10-20T05:56:28.1246968+00:00,0,0,17280,2
async,2025-10-20T05:56:28.1301394+00:00,0,0,17376,2
async,2025-10-20T05:56:28.1542937+00:00,0,0,17472,2
async,2025-10-20T05:56:28.1631836+00:00,0,0,17568,2
async,2025-10-20T05:56:28.2048547+00:00,0,0,17760,2
async,2025-10-20T05:56:28.2246447+00:00,0,0,17856,2
async,2025-10-20T05:56:28.2280309+00:00,0,0,17952,2
async,2025-10-20T05:56:28.2713667+00:00,0,0,18144,2
async,2025-10-20T05:56:28.2878070+00:00,0,0,18240,2
async,2025-10-20T05:56:28.3038039+00:00,0,0,18336,2
async,2025-10-20T05:56:28.3207417+00:00,0,0,18432,2
async,2025-10-20T05:56:28.3358959+00:00,0,0,18528,2
async,2025-10-20T05:56:28.3543176+00:00,0,0,18624,2
async,2025-10-20T05:56:28.3664329+00:00,0,0,18720,2
async,2025-10-20T05:56:28.3860996+00:00,0,0,18816,2
async,2025-10-20T05:56:28.3988012+00:00,0,0,18912,2
async,2025-10-20T05:56:28.4369815+00:00,0,0,19104,2
async,2025-10-20T05:56:28.4589950+00:00,0,0,19200,2
async,2025-10-20T05:56:28.4630544+00:00,0,0,19296,2
async,2025-10-20T05:56:28.5011448+00:00,0,0,19488,2
async,2025-10-20T05:56:28.5254680+00:00,0,0,19584,2
async,2025-10-20T05:56:28.5290479+00:00,0,0,19680,2
async,2025-10-20T05:56:28.5650287+00:00,0,0,19872,2
async,2025-10-20T05:56:28.5899298+00:00,0,0,19968,2
async,2025-10-20T05:56:28.5943163+00:00,0,0,20064,2
async,2025-10-20T05:56:28.6253560+00:00,0,0,20160,2
async,2025-10-20T05:56:28.6290588+00:00,0,0,20256,2
async,2025-10-20T05:56:28.6547016+00:00,0,0,20352,2
async,2025-10-20T05:56:28.6760951+00:00,0,0,20448,2
async,2025-10-20T05:56:28.6794172+00:00,0,0,20544,2
async,2025-10-20T05:56:28.7206491+00:00,0,0,20736,2
async,2025-10-20T05:56:28.7402562+00:00,0,0,20832,2
async,2025-10-20T05:56:28.7444932+00:00,0,0,20928,2
async,2025-10-20T05:56:28.7840935+00:00,0,0,21120,2
async,2025-10-20T05:56:28.8057346+00:00,0,0,21216,2
async,2025-10-20T05:56:28.8104596+00:00,0,0,21312,2
async,2025-10-20T05:56:28.8478915+00:00,0,0,21504,2
async,2025-10-20T05:56:28.8722992+00:00,0,0,21600,2
async,2025-10-20T05:56:28.8774157+00:00,0,0,21696,2
async,2025-10-20T05:56:28.9069633+00:00,0,0,21792,2
async,2025-10-20T05:56:28.9107099+00:00,0,0,21888,2
async,2025-10-20T05:56:28.9573950+00:00,0,0,22080,2
async,2025-10-20T05:56:28.9609975+00:00,0,0,22176,2
async,2025-10-20T05:56:29.0060822+00:00,0,0,22368,2
async,2025-10-20T05:56:29.0109622+00:00,0,0,22464,2
async,2025-10-20T05:56:29.0522903+00:00,0,0,22656,2
async,2025-10-20T05:56:29.0717560+00:00,0,0,22752,2
async,2025-10-20T05:56:29.0845532+00:00,0,0,22848,2
async,2025-10-20T05:56:29.1038774+00:00,0,0,22944,2
async,2025-10-20T05:56:29.1163444+00:00,0,0,23040,2
async,2025-10-20T05:56:29.1370801+00:00,0,0,23136,2
async,2025-10-20T05:56:29.1480991+00:00,0,0,23232,2
async,2025-10-20T05:56:29.1693772+00:00,0,0,23328,2
async,2025-10-20T05:56:29.1983814+00:00,0,0,23520,2
async,2025-10-20T05:56:29.2348952+00:00,0,0,23712,2
async,2025-10-20T05:56:29.2607004+00:00,0,0,23808,2
async,2025-10-20T05:56:29.2642854+00:00,0,0,23904,2
async,2025-10-20T05:56:29.2987914+00:00,0,0,24096,2
async,2025-10-20T05:56:29.3247459+00:00,0,0,24192,2
async,2025-10-20T05:56:29.3278244+00:00,0,0,24288,2
async,2025-10-20T05:56:29.3604287+00:00,0,0,24384,2
async,2025-10-20T05:56:29.3639043+00:00,0,0,24480,2
async,2025-10-20T05:56:29.3895440+00:00,0,0,24576,2
async,2025-10-20T05:56:29.3942028+00:00,0,0,24672,2
async,2025-10-20T05:56:29.4235942+00:00,0,0,24768,2
async,2025-10-20T05:56:29.4278750+00:00,0,0,24864,2
async,2025-10-20T05:56:29.4749242+00:00,0,0,25056,2
async,2025-10-20T05:56:29.4790892+00:00,0,0,25152,2
async,2025-10-20T05:56:29.5196822+00:00,0,0,25344,2
async,2025-10-20T05:56:29.5398468+00:00,0,0,25440,2
async,2025-10-20T05:56:29.5442149+00:00,0,0,25536,2
async,2025-10-20T05:56:29.5834551+00:00,0,0,25728,2
async,2025-10-20T05:56:29.6039071+00:00,0,0,25824,2
async,2025-10-20T05:56:29.6162262+00:00,0,0,25920,2
async,2025-10-20T05:56:29.6368311+00:00,0,0,26016,2
async,2025-10-20T05:56:29.6491598+00:00,0,0,26112,2
async,2025-10-20T05:56:29.6674143+00:00,0,0,26208,2
async,2025-10-20T05:56:29.7001513+00:00,0,0,26400,2
async,2025-10-20T05:56:29.7327173+00:00,0,0,26592,2
async,2025-10-20T05:56:29.7647611+00:00,0,0,26784,2
async,2025-10-20T05:56:29.7971765+00:00,0,0,26976,2
async,2025-10-20T05:56:29.8304296+00:00,0,0,27168,2
async,2025-10-20T05:56:29.8583612+00:00,0,0,27264,2
async,2025-10-20T05:56:29.8614585+00:00,0,0,27360,2
async,2025-10-20T05:56:29.8917508+00:00,0,0,27456,2
async,2025-10-20T05:56:29.8950865+00:00,0,0,27552,2
async,2025-10-20T05:56:29.9231997+00:00,0,0,27648,2
async,2025-10-20T05:56:29.9272718+00:00,0,0,27744,2
async,2025-10-20T05:56:29.9751742+00:00,0,0,27936,2
async,2025-10-20T05:56:29.9784766+00:00,0,0,28032,2
async,2025-10-20T05:56:30.0203460+00:00,0,0,28224,2
async,2025-10-20T05:56:30.0400684+00:00,0,0,28320,2
async,2025-10-20T05:56:30.0439799+00:00,0,0,28416,2
async,2025-10-20T05:56:30.0843328+00:00,0,0,28608,2
async,2025-10-20T05:56:30.1052560+00:00,0,0,28704,2
async,2025-10-20T05:56:30.1104011+00:00,0,0,28800,2
async,2025-10-20T05:56:30.1471064+00:00,0,0,28992,2
async,2025-10-20T05:56:30.1722599+00:00,0,0,29088,2
async,2025-10-20T05:56:30.1774899+00:00,0,0,29184,2
async,2025-10-20T05:56:30.2069979+00:00,0,0,29280,2
async,2025-10-20T05:56:30.2106805+00:00,0,0,29376,2
async,2025-10-20T05:56:30.2573892+00:00,0,0,29568,2
async,2025-10-20T05:56:30.2605014+00:00,0,0,29664,2
async,2025-10-20T05:56:30.3089422+00:00,0,0,29856,2
async,2025-10-20T05:56:30.3126496+00:00,0,0,29952,2
async,2025-10-20T05:56:30.3512798+00:00,0,0,30144,2
async,2025-10-20T05:56:30.3734237+00:00,0,0,30240,2
async,2025-10-20T05:56:30.3776929+00:00,0,0,30336,2
async,2025-10-20T05:56:30.4149330+00:00,0,0,30528,2
async,2025-10-20T05:56:30.4392765+00:00,0,0,30624,2
async,2025-10-20T05:56:30.4444754+00:00,0,0,30720,2
async,2025-10-20T05:56:30.4733624+00:00,0,0,30816,2
async,2025-10-20T05:56:30.4776407+00:00,0,0,30912,2
async,2025-10-20T05:56:30.5237818+00:00,0,0,31104,2
async,2025-10-20T05:56:30.5274480+00:00,0,0,31200,2
async,2025-10-20T05:56:30.5718511+00:00,0,0,31392,2
async,2025-10-20T05:56:30.5886487+00:00,0,0,31488,2
async,2025-10-20T05:56:30.5946029+00:00,0,0,31584,2
async,2025-10-20T05:56:30.6337640+00:00,0,0,31776,2
async,2025-10-20T05:56:30.6564512+00:00,0,0,31872,2
async,2025-10-20T05:56:30.6609705+00:00,0,0,31968,2
async,2025-10-20T05:56:30.6932611+00:00,0,0,32064,2
async,2025-10-20T05:56:30.6969347+00:00,0,0,32160,2
async,2025-10-20T05:56:30.7220000+00:00,0,0,32256,2
async,2025-10-20T05:56:30.7273069+00:00,0,0,32352,2
async,2025-10-20T05:56:30.7562961+00:00,0,0,32448,2
async,2025-10-20T05:56:30.7611257+00:00,0,0,32544,2
async,2025-10-20T05:56:30.8077696+00:00,0,0,32736,2
async,2025-10-20T05:56:30.8118969+00:00,0,0,32832,2
async,2025-10-20T05:56:30.8528291+00:00,0,0,33024,2
async,2025-10-20T05:56:30.8729880+00:00,0,0,33120,2
async,2025-10-20T05:56:30.8773839+00:00,0,0,33216,2
async,2025-10-20T05:56:30.9164141+00:00,0,0,33408,2
async,2025-10-20T05:56:30.9402244+00:00,0,0,33504,2
async,2025-10-20T05:56:30.9442666+00:00,0,0,33600,2
async,2025-10-20T05:56:30.9743111+00:00,0,0,33696,2
async,2025-10-20T05:56:30.9773416+00:00,0,0,33792,2
async,2025-10-20T05:56:31.0269068+00:00,0,0,33984,2
async,2025-10-20T05:56:31.0312067+00:00,0,0,34080,2
async,2025-10-20T05:56:31.0738879+00:00,0,0,34272,2
async,2025-10-20T05:56:31.0781202+00:00,0,0,34368,2
async,2025-10-20T05:56:31.1195740+00:00,0,0,34560,2
async,2025-10-20T05:56:31.1379687+00:00,0,0,34656,2
async,2025-10-20T05:56:31.1520753+00:00,0,0,34752,2
async,2025-10-20T05:56:31.1704195+00:00,0,0,34848,2
async,2025-10-20T05:56:31.1839900+00:00,0,0,34944,2
async,2025-10-20T05:56:31.2026370+00:00,0,0,35040,2
async,2025-10-20T05:56:31.2165179+00:00,0,0,35136,2
async,2025-10-20T05:56:31.2353188+00:00,0,0,35232,2
async,2025-10-20T05:56:31.2482842+00:00,0,0,35328,2
async,2025-10-20T05:56:31.2681171+00:00,0,0,35424,2
async,2025-10-20T05:56:31.2990025+00:00,0,0,35616,2
async,2025-10-20T05:56:31.3339996+00:00,0,0,35808,2
async,2025-10-20T05:56:31.3614376+00:00,0,0,35904,2
async,2025-10-20T05:56:31.3655863+00:00,0,0,36000,2
async,2025-10-20T05:56:31.3938666+00:00,0,0,36096,2
async,2025-10-20T05:56:31.3973059+00:00,0,0,36192,2
async,2025-10-20T05:56:31.4267524+00:00,0,0,36288,2
async,2025-10-20T05:56:31.4300122+00:00,0,0,36384,2
async,2025-10-20T05:56:31.4581591+00:00,0,0,36480,2
async,2025-10-20T05:56:31.4609668+00:00,0,0,36576,2
async,2025-10-20T05:56:31.4921389+00:00,0,0,36672,2
async,2025-10-20T05:56:31.4957371+00:00,0,0,36768,2
async,2025-10-20T05:56:31.5226172+00:00,0,0,36864,2
async,2025-10-20T05:56:31.5276966+00:00,0,0,36960,2
async,2025-10-20T05:56:31.5734919+00:00,0,0,37152,2
async,2025-10-20T05:56:31.5788042+00:00,0,0,37248,2
async,2025-10-20T05:56:31.6190502+00:00,0,0,37440,2
async,2025-10-20T05:56:31.6404807+00:00,0,0,37536,2
async,2025-10-20T05:56:31.6439483+00:00,0,0,37632,2
async,2025-10-20T05:56:31.6829662+00:00,0,0,37824,2
async,2025-10-20T05:56:31.7056257+00:00,0,0,37920,2
async,2025-10-20T05:56:31.7104851+00:00,0,0,38016,2
async,2025-10-20T05:56:31.7429398+00:00,0,0,38112,2
async,2025-10-20T05:56:31.7459941+00:00,0,0,38208,2
async,2025-10-20T05:56:31.7714686+00:00,0,0,38304,2
async,2025-10-20T05:56:31.7935798+00:00,0,0,38400,2
async,2025-10-20T05:56:31.7966750+00:00,0,0,38496,2
async,2025-10-20T05:56:31.8347087+00:00,0,0,38688,2
async,2025-10-20T05:56:31.8577109+00:00,0,0,38784,2
async,2025-10-20T05:56:31.8605255+00:00,0,0,38880,2
async,2025-10-20T05:56:31.8980604+00:00,0,0,39072,2
async,2025-10-20T05:56:31.9227935+00:00,0,0,39168,2
async,2025-10-20T05:56:31.9270910+00:00,0,0,39264,2
async,2025-10-20T05:56:31.9582400+00:00,0,0,39360,2
async,2025-10-20T05:56:31.9611488+00:00,0,0,39456,2
async,2025-10-20T05:56:32.0068994+00:00,0,0,39648,2
async,2025-10-20T05:56:32.0104056+00:00,0,0,39744,2
async,2025-10-20T05:56:32.0551786+00:00,0,0,39936,2
async,2025-10-20T05:56:32.0722315+00:00,0,0,40032,2
async,2025-10-20T05:56:32.0773464+00:00,0,0,40128,2
async,2025-10-20T05:56:32.1171958+00:00,0,0,40320,2
async,2025-10-20T05:56:32.1392834+00:00,0,0,40416,2
async,2025-10-20T05:56:32.1436465+00:00,0,0,40512,2
async,2025-10-20T05:56:32.1808614+00:00,0,0,40704,2
async,2025-10-20T05:56:32.2048415+00:00,0,0,40800,2
async,2025-10-20T05:56:32.2131188+00:00,0,0,40896,2
async,2025-10-20T05:56:32.2380571+00:00,0,0,40992,2
async,2025-10-20T05:56:32.2604091+00:00,0,0,41088,2
async,2025-10-20T05:56:32.2638257+00:00,0,0,41184,2
async,2025-10-20T05:56:32.3024745+00:00,0,0,41376,2
async,2025-10-20T05:56:32.3235216+00:00,0,0,41472,2
async,2025-10-20T05:56:32.3271553+00:00,0,0,41568,2
async,2025-10-20T05:56:32.3663690+00:00,0,0,41760,2
async,2025-10-20T05:56:32.3888586+00:00,0,0,41856,2
async,2025-10-20T05:56:32.3940919+00:00,0,0,41952,2
async,2025-10-20T05:56:32.4265809+00:00,0,0,42048,2
async,2025-10-20T05:56:32.4303851+00:00,0,0,42144,2
async,2025-10-20T05:56:32.4544087+00:00,0,0,42240,2
async,2025-10-20T05:56:32.4621901+00:00,0,0,42336,2
async,2025-10-20T05:56:32.5056941+00:00,0,0,42528,2
async,2025-10-20T05:56:32.5103793+00:00,0,0,42624,2
async,2025-10-20T05:56:32.5539070+00:00,0,0,42816,2
async,2025-10-20T05:56:32.5730090+00:00,0,0,42912,2
async,2025-10-20T05:56:32.5771193+00:00,0,0,43008,2
async,2025-10-20T05:56:32.6177197+00:00,0,0,43200,2
async,2025-10-20T05:56:32.6374833+00:00,0,0,43296,2
async,2025-10-20T05:56:32.6501318+00:00,0,0,43392,2
async,2025-10-20T05:56:32.6704945+00:00,0,0,43488,2
async,2025-10-20T05:56:32.6824446+00:00,0,0,43584,2
async,2025-10-20T05:56:32.7025127+00:00,0,0,43680,2
async,2025-10-20T05:56:32.7150297+00:00,0,0,43776,2
async,2025-10-20T05:56:32.7351724+00:00,0,0,43872,2
async,2025-10-20T05:56:32.7651453+00:00,0,0,44064,2
async,2025-10-20T05:56:32.7997664+00:00,0,0,44256,2
async,2025-10-20T05:56:32.8265881+00:00,0,0,44352,2
async,2025-10-20T05:56:32.8295716+00:00,0,0,44448,2
async,2025-10-20T05:56:32.8636623+00:00,0,0,44640,2
async,2025-10-20T05:56:32.8923997+00:00,0,0,44736,2
async,2025-10-20T05:56:32.8953658+00:00,0,0,44832,2
async,2025-10-20T05:56:32.9254479+00:00,0,0,44928,2
async,2025-10-20T05:56:32.9288256+00:00,0,0,45024,2
async,2025-10-20T05:56:32.9563954+00:00,0,0,45120,2
async,2025-10-20T05:56:32.9605458+00:00,0,0,45216,2
async,2025-10-20T05:56:33.0066873+00:00,0,0,45408,2
async,2025-10-20T05:56:33.0104072+00:00,0,0,45504,2
async,2025-10-20T05:56:33.0533537+00:00,0,0,45696,2
async,2025-10-20T05:56:33.0723129+00:00,0,0,45792,2
async,2025-10-20T05:56:33.0771473+00:00,0,0,45888,2
async,2025-10-20T05:56:33.1165806+00:00,0,0,46080,2
async,2025-10-20T05:56:33.1388443+00:00,0,0,46176,2
async,2025-10-20T05:56:33.1441921+00:00,0,0,46272,2
async,2025-10-20T05:56:33.1748395+00:00,0,0,46368,2
async,2025-10-20T05:56:33.1782332+00:00,0,0,46464,2
async,2025-10-20T05:56:33.2240041+00:00,0,0,46656,2
async,2025-10-20T05:56:33.2273735+00:00,0,0,46752,2
async,2025-10-20T05:56:33.2718569+00:00,0,0,46944,2
async,2025-10-20T05:56:33.2885014+00:00,0,0,47040,2
async,2025-10-20T05:56:33.3040678+00:00,0,0,47136,2
async,2025-10-20T05:56:33.3208475+00:00,0,0,47232,2
async,2025-10-20T05:56:33.3361263+00:00,0,0,47328,2
async,2025-10-20T05:56:33.3531375+00:00,0,0,47424,2
async,2025-10-20T05:56:33.3687247+00:00,0,0,47520,2
async,2025-10-20T05:56:33.3852790+00:00,0,0,47616,2
async,2025-10-20T05:56:33.4012084+00:00,0,0,47712,2
async,2025-10-20T05:56:33.4177830+00:00,0,0,47808,2
async,2025-10-20T05:56:33.4333724+00:00,0,0,47904,2
async,2025-10-20T05:56:33.4682673+00:00,0,0,48096,2
async,2025-10-20T05:56:33.4973507+00:00,0,0,48288,2
async,2025-10-20T05:56:33.5348624+00:00,0,0,48480,2
async,2025-10-20T05:56:33.5573696+00:00,0,0,48576,2
async,2025-10-20T05:56:33.5603819+00:00,0,0,48672,2
async,2025-10-20T05:56:33.5989381+00:00,0,0,48864,2
async,2025-10-20T05:56:33.6224589+00:00,0,0,48960,2
async,2025-10-20T05:56:33.6273229+00:00,0,0,49056,2
async,2025-10-20T05:56:33.6580474+00:00,0,0,49152,2
async,2025-10-20T05:56:33.6611682+00:00,0,0,49248,2
async,2025-10-20T05:56:33.7065299+00:00,0,0,49440,2
async,2025-10-20T05:56:33.7102439+00:00,0,0,49536,2
async,2025-10-20T05:56:33.7554077+00:00,0,0,49728,2
async,2025-10-20T05:56:33.7604141+00:00,0,0,49824,2
async,2025-10-20T05:56:33.8011449+00:00,0,0,50016,2
async,2025-10-20T05:56:33.8224728+00:00,0,0,50112,2
async,2025-10-20T05:56:33.8268340+00:00,0,0,50208,2
async,2025-10-20T05:56:33.8643235+00:00,0,0,50400,2
async,2025-10-20T05:56:33.8877379+00:00,0,0,50496,2
async,2025-10-20T05:56:33.8965827+00:00,0,0,50592,2
async,2025-10-20T05:56:33.9204107+00:00,0,0,50688,2
async,2025-10-20T05:56:33.9474569+00:00,0,0,50880,2
async,2025-10-20T05:56:33.9861781+00:00,0,0,51072,2
async,2025-10-20T05:56:34.0089520+00:00,0,0,51168,2
async,2025-10-20T05:56:34.0119595+00:00,0,0,51264,2
async,2025-10-20T05:56:34.0513233+00:00,0,0,51456,2
async,2025-10-20T05:56:34.0737893+00:00,0,0,51552,2
async,2025-10-20T05:56:34.0769734+00:00,0,0,51648,2
async,2025-10-20T05:56:34.1159122+00:00,0,0,51840,2
async,2025-10-20T05:56:34.1384837+00:00,0,0,51936,2
async,2025-10-20T05:56:34.1480598+00:00,0,0,52032,2
async,2025-10-20T05:56:34.1732389+00:00,0,0,52128,2
async,2025-10-20T05:56:34.1773408+00:00,0,0,52224,2
async,2025-10-20T05:56:34.2059967+00:00,0,0,52320,2
async,2025-10-20T05:56:34.2103606+00:00,0,0,52416,2
async,2025-10-20T05:56:34.2566692+00:00,0,0,52608,2
async,2025-10-20T05:56:34.2600373+00:00,0,0,52704,2
async,2025-10-20T05:56:34.3033106+00:00,0,0,52896,2
async,2025-10-20T05:56:34.3218489+00:00,0,0,52992,2
async,2025-10-20T05:56:34.3361408+00:00,0,0,53088,2
async,2025-10-20T05:56:34.3540465+00:00,0,0,53184,2
async,2025-10-20T05:56:34.3690570+00:00,0,0,53280,2
async,2025-10-20T05:56:34.3858862+00:00,0,0,53376,2
async,2025-10-20T05:56:34.4013483+00:00,0,0,53472,2
async,2025-10-20T05:56:34.4187809+00:00,0,0,53568,2
async,2025-10-20T05:56:34.4333670+00:00,0,0,53664,2
async,2025-10-20T05:56:34.4508095+00:00,0,0,53760,2
async,2025-10-20T05:56:34.4663978+00:00,0,0,53856,2
async,2025-10-20T05:56:34.5006826+00:00,0,0,54048,2
async,2025-10-20T05:56:34.5310903+00:00,0,0,54240,2
async,2025-10-20T05:56:34.5650263+00:00,0,0,54432,2
async,2025-10-20T05:56:34.5933686+00:00,0,0,54528,2
async,2025-10-20T05:56:34.5966862+00:00,0,0,54624,2
async,2025-10-20T05:56:34.6258342+00:00,0,0,54720,2
async,2025-10-20T05:56:34.6288877+00:00,0,0,54816,2
async,2025-10-20T05:56:34.6579098+00:00,0,0,54912,2
async,2025-10-20T05:56:34.6611661+00:00,0,0,55008,2
async,2025-10-20T05:56:34.6902605+00:00,0,0,55104,2
async,2025-10-20T05:56:34.6937352+00:00,0,0,55200,2
async,2025-10-20T05:56:34.7225466+00:00,0,0,55296,2
async,2025-10-20T05:56:34.7269444+00:00,0,0,55392,2
async,2025-10-20T05:56:34.7732379+00:00,0,0,55584,2
async,2025-10-20T05:56:34.7771631+00:00,0,0,55680,2
async,2025-10-20T05:56:34.8212736+00:00,0,0,55872,2
async,2025-10-20T05:56:34.8378022+00:00,0,0,55968,2
async,2025-10-20T05:56:34.8537702+00:00,0,0,56064,2
async,2025-10-20T05:56:34.8697637+00:00,0,0,56160,2
async,2025-10-20T05:56:34.8857149+00:00,0,0,56256,2
async,2025-10-20T05:56:34.9014021+00:00,0,0,56352,2
async,2025-10-20T05:56:34.9184918+00:00,0,0,56448,2
async,2025-10-20T05:56:34.9337616+00:00,0,0,56544,2
async,2025-10-20T05:56:34.9504900+00:00,0,0,56640,2
async,2025-10-20T05:56:34.9836099+00:00,0,0,56832,2
async,2025-10-20T05:56:35.0158182+00:00,0,0,57024,2
async,2025-10-20T05:56:35.0489017+00:00,0,0,57216,2
async,2025-10-20T05:56:35.0812692+00:00,0,0,57408,2
async,2025-10-20T05:56:35.1103517+00:00,0,0,57504,2
async,2025-10-20T05:56:35.1143635+00:00,0,0,57600,2
